sector,subsector,role_family,company,priority,country_focus,india_presence,career_url_hint,career_url_final,ats_type,city_tags,remote_possible,role_keywords,notes
global_tech_gcc,Big Tech,software_engineering;product_management;design;data_analytics_ai,Google,1,India;global,india_gcc,https://www.google.com/about/careers/applications/jobs/results/?location=India,https://www.google.com/about/careers/applications/jobs/results/?location=India,unknown_or_custom,Bengaluru;Hyderabad;Gurugram;Mumbai,hybrid,SWE;SRE;PM;UX;data scientist,GCC roles and global mobility programs
global_tech_gcc,Big Tech,software_engineering;product_management;design;data_analytics_ai,Microsoft,1,India;global,india_gcc,https://jobs.careers.microsoft.com/global/en/search?q=&lc=India,https://jobs.careers.microsoft.com/global/en/search?q=&lc=India,unknown_or_custom,Bengaluru;Hyderabad;Noida,hybrid,software engineer;program manager;designer;data scientist,Returnship and inclusive hiring programs may surface globally
global_tech_gcc,Marketplace cloud,software_engineering;product_management;operations_sales_hr_finance;data_analytics_ai,Amazon,1,India;global,india_wide,https://www.amazon.jobs/en/search?base_query=&loc_query=India,https://www.amazon.jobs/en/search?base_query=&loc_query=India,unknown_or_custom,Bengaluru;Hyderabad;Chennai;Mumbai;Gurugram,role_dependent,SDE;operations manager;program manager;warehouse,Corporate tech plus warehouse and logistics hiring
global_tech_gcc,Creative software,software_engineering;product_management;design;data_analytics_ai,Adobe,1,India;global,india_gcc,https://careers.adobe.com/us/en/search-results?keywords=&location=India,https://careers.adobe.com/us/en/search-results?keywords=&location=India,unknown_or_custom,Bengaluru;Noida,hybrid,SWE;PM;UX;machine learning,GCC product and design roles
global_tech_gcc,Enterprise SaaS,software_engineering;product_management;operations_sales_hr_finance;data_analytics_ai,Salesforce,1,India;global,india_gcc,https://careers.salesforce.com/en/jobs/?search=&country=India,https://careers.salesforce.com/en/jobs/?search=&country=India,unknown_or_custom,Hyderabad;Bengaluru;Mumbai;Gurugram,hybrid,software engineer;solution engineer;customer success;data,Large Hyderabad and Bengaluru product footprint
global_tech_gcc,Enterprise cloud,software_engineering;product_management;operations_sales_hr_finance;data_analytics_ai,Oracle,1,India;global,india_gcc,https://careers.oracle.com/jobs/#en/sites/jobsearch/requisitions?location=India,https://careers.oracle.com/jobs/#en/sites/jobsearch/requisitions?location=India,unknown_or_custom,Bengaluru;Hyderabad;Noida;Pune,hybrid,developer;cloud engineer;consultant;database,Official search is JS heavy
global_tech_gcc,Enterprise SaaS,software_engineering;product_management;design;data_analytics_ai,SAP,1,India;global,india_gcc,https://jobs.sap.com/search/?locationsearch=India,https://jobs.sap.com/search/?locationsearch=India,unknown_or_custom,Bengaluru;Gurugram;Mumbai;Pune,hybrid,developer;consultant;product owner;data,Enterprise product and consulting roles
global_tech_gcc,Productivity SaaS,software_engineering;product_management;design;data_analytics_ai,Atlassian,1,India;global,india_gcc,https://job-boards.greenhouse.io/atlassian,https://job-boards.greenhouse.io/atlassian,greenhouse,Bengaluru;Remote,yes,backend engineer;frontend engineer;PM;designer,Remote-friendly India roles
global_tech_gcc,Mobility platform,software_engineering;product_management;operations_sales_hr_finance;data_analytics_ai,Uber,1,India;global,india_gcc,https://www.uber.com/global/en/careers/list/?location=IND--India,https://www.uber.com/global/en/careers/list/?location=IND--India,unknown_or_custom,Bengaluru;Hyderabad;Gurugram,hybrid,software engineer;operations;analytics;product,Tech plus marketplace operations
global_tech_gcc,Travel marketplace,software_engineering;product_management;design;data_analytics_ai,Airbnb,2,India;global,india_gcc,https://careers.airbnb.com/positions/?location=India,https://careers.airbnb.com/positions/?location=India,unknown_or_custom,Bengaluru;Gurugram;Remote,yes,software engineer;data scientist;PM;design,Remote-friendly global marketplace roles
global_tech_gcc,Payments platform,software_engineering;product_management;operations_sales_hr_finance;data_analytics_ai,Stripe,1,India;global,india_gcc,https://stripe.com/jobs/search?l=India,https://stripe.com/jobs/search?l=India,unknown_or_custom,Bengaluru;Remote,yes,software engineer;payments;risk;support,Remote-friendly fintech platform roles
global_tech_gcc,Data cloud,software_engineering;product_management;data_analytics_ai,Databricks,1,India;global,india_gcc,https://www.databricks.com/company/careers/open-positions?location=India,https://www.databricks.com/company/careers/open-positions?location=India,unknown_or_custom,Bengaluru;Remote,hybrid,data engineer;ML engineer;platform engineer;PM,AI and lakehouse product roles
global_tech_gcc,Data cloud,software_engineering;product_management;data_analytics_ai,Snowflake,1,India;global,india_gcc,https://careers.snowflake.com/us/en/search-results?keywords=&location=India,https://careers.snowflake.com/us/en/search-results?keywords=&location=India,unknown_or_custom,Pune;Bengaluru;Mumbai,hybrid,software engineer;database;support engineer;data,Cloud data product roles
global_tech_gcc,Semiconductor AI,software_engineering;product_management;data_analytics_ai,NVIDIA,1,India;global,india_gcc,https://nvidia.wd5.myworkdayjobs.com/NVIDIAExternalCareerSite,https://nvidia.wd5.myworkdayjobs.com/NVIDIAExternalCareerSite,workday,Bengaluru;Pune;Hyderabad,hybrid,GPU engineer;systems software;AI;hardware,Workday hosted official careers
global_tech_gcc,Consumer devices,software_engineering;product_management;design;operations_sales_hr_finance,Apple,1,India;global,india_gcc,https://jobs.apple.com/en-in/search?location=india-INDC,https://jobs.apple.com/en-in/search?location=india-INDC,unknown_or_custom,Bengaluru;Hyderabad;Mumbai;Gurugram,hybrid,software engineer;retail;operations;hardware,Corporate plus retail hiring
global_tech_gcc,Social platforms,software_engineering;product_management;design;data_analytics_ai,Meta,1,India;global,india_gcc,https://www.metacareers.com/jobs?offices[0]=India,https://www.metacareers.com/jobs?offices[0]=India,unknown_or_custom,Bengaluru;Hyderabad;Gurugram;Mumbai,hybrid,software engineer;data scientist;PM;UX,Global roles with office filters
global_tech_gcc,Semiconductor,software_engineering;data_analytics_ai;manufacturing_energy,Intel,1,India;global,india_gcc,https://jobs.intel.com/en/search-jobs/India/41147/2/1269750/20x000000/77x000000/50/2,https://jobs.intel.com/en/search-jobs/India/41147/2/1269750/20x000000/77x000000/50/2,unknown_or_custom,Bengaluru;Hyderabad,hybrid,firmware;validation;silicon;software,Semiconductor and platform engineering
global_tech_gcc,Semiconductor,software_engineering;data_analytics_ai;manufacturing_energy,Qualcomm India,1,India;global,india_gcc,https://careers.qualcomm.com/careers?location=India,https://careers.qualcomm.com/careers?location=India,unknown_or_custom,Bengaluru;Hyderabad;Chennai;Noida,hybrid,embedded;modem;AI;verification,Chipset and wireless engineering
global_tech_gcc,Networking cloud,software_engineering;product_management;operations_sales_hr_finance,Cisco,1,India;global,india_gcc,https://jobs.cisco.com/jobs/SearchJobs/India,https://jobs.cisco.com/jobs/SearchJobs/India,unknown_or_custom,Bengaluru;Chennai;Pune;Gurugram,hybrid,network engineer;SRE;sales engineer;security,Enterprise tech and sales engineering
global_tech_gcc,Enterprise SaaS,software_engineering;product_management;operations_sales_hr_finance;data_analytics_ai,ServiceNow,1,India;global,india_gcc,https://careers.servicenow.com/jobs/?location=India,https://careers.servicenow.com/jobs/?location=India,unknown_or_custom,Hyderabad;Bengaluru,hybrid,software engineer;platform;support;PM,SaaS platform engineering
global_tech_gcc,Enterprise hardware,software_engineering;operations_sales_hr_finance;data_analytics_ai,Dell Technologies,2,India;global,india_gcc,https://jobs.dell.com/en/search-jobs/India/375/2/1269750/20/77/50/2,https://jobs.dell.com/en/search-jobs/India/375/2/1269750/20/77/50/2,unknown_or_custom,Bengaluru;Hyderabad;Pune,hybrid,software engineer;support;sales;analytics,GCC plus support and sales roles
global_tech_gcc,Payments platform,software_engineering;product_management;operations_sales_hr_finance;data_analytics_ai,PayPal,1,India;global,india_gcc,https://paypal.eightfold.ai/careers?location=India,https://paypal.eightfold.ai/careers?location=India,unknown_or_custom,Bengaluru;Chennai;Hyderabad,hybrid,software engineer;risk;payments;data,Official Eightfold-hosted search
global_tech_gcc,Fintech software,software_engineering;product_management;design;data_analytics_ai,Intuit,1,India;global,india_gcc,https://www.intuit.com/careers/search-jobs/?country=India,https://www.intuit.com/careers/search-jobs/?country=India,unknown_or_custom,Bengaluru;Remote,hybrid,software engineer;tax;fintech;PM,Product engineering and AI roles
global_tech_gcc,Design software,software_engineering;product_management;design;data_analytics_ai,Autodesk,2,India;global,india_gcc,https://www.autodesk.com/careers/job-results?location=India,https://www.autodesk.com/careers/job-results?location=India,unknown_or_custom,Bengaluru;Pune,hybrid,software engineer;design tools;PM;data,Engineering roles for design and construction software
india_it_services,IT services,software_engineering;product_management;design;data_analytics_ai;operations_sales_hr_finance,TCS,1,India;global,delivery_centers,https://www.tcs.com/careers/india,https://www.tcs.com/careers/india,unknown_or_custom,India,role_dependent,developer;analyst;consultant;BPS,TCS Rebegin returnship and large fresher hiring
india_it_services,IT services,software_engineering;product_management;design;data_analytics_ai;operations_sales_hr_finance,Infosys,1,India;global,delivery_centers,https://www.infosys.com/careers/apply.html,https://www.infosys.com/careers/apply.html,unknown_or_custom,Bengaluru;Pune;Hyderabad;Chennai,role_dependent,systems engineer;consultant;data;cloud,Large campus and lateral hiring
india_it_services,IT services,software_engineering;product_management;design;data_analytics_ai;operations_sales_hr_finance,Wipro,1,India;global,delivery_centers,https://careers.wipro.com/careers-home/,https://careers.wipro.com/careers-home/,unknown_or_custom,Bengaluru;Hyderabad;Pune;Chennai,role_dependent,developer;consultant;support;cloud,India-wide delivery roles
india_it_services,IT services,software_engineering;product_management;design;data_analytics_ai;operations_sales_hr_finance,HCLTech,1,India;global,delivery_centers,https://www.hcltech.com/careers/careers-in-india,https://www.hcltech.com/careers/careers-in-india,unknown_or_custom,Noida;Chennai;Bengaluru;Pune,role_dependent,developer;infra;support;consultant,India hiring page
india_it_services,IT services,software_engineering;product_management;design;data_analytics_ai;operations_sales_hr_finance,Tech Mahindra,1,India;global,delivery_centers,https://www.techmahindra.com/en-in/careers/,https://www.techmahindra.com/en-in/careers/,unknown_or_custom,Pune;Hyderabad;Noida;Bengaluru,role_dependent,developer;telecom;BPS;cloud,Large services and telecom hiring
india_it_services,IT services,software_engineering;product_management;design;data_analytics_ai,LTIMindtree,1,India;global,delivery_centers,https://www.ltimindtree.com/careers/,https://www.ltimindtree.com/careers/,unknown_or_custom,Mumbai;Bengaluru;Pune;Chennai,role_dependent,developer;consultant;data;cloud,India-wide technology hiring
india_it_services,IT services,software_engineering;product_management;design;data_analytics_ai,Mphasis,2,India;global,delivery_centers,https://www.mphasis.com/home/careers.html,https://www.mphasis.com/home/careers.html,unknown_or_custom,Bengaluru;Pune;Chennai,role_dependent,developer;cloud;banking tech;support,Services and BFSI tech roles
india_it_services,IT services,software_engineering;product_management;design;data_analytics_ai,Coforge,2,India;global,delivery_centers,https://www.coforge.com/careers,https://www.coforge.com/careers,unknown_or_custom,Noida;Bengaluru;Hyderabad;Pune,role_dependent,developer;travel tech;banking tech;consultant,Services roles with travel and BFSI focus
india_it_services,Product engineering,software_engineering;product_management;design;data_analytics_ai,Persistent,2,India;global,delivery_centers,https://www.persistent.com/careers/,https://www.persistent.com/careers/,unknown_or_custom,Pune;Bengaluru;Hyderabad,role_dependent,developer;product engineering;cloud;data,Product engineering services
india_it_services,Automotive tech,software_engineering;product_management;data_analytics_ai,KPIT,2,India;global,delivery_centers,https://www.kpit.com/careers/,https://www.kpit.com/careers/,unknown_or_custom,Pune;Bengaluru,hybrid,embedded;autosar;EV software;validation,Automotive and mobility engineering
india_it_services,IT services,software_engineering;product_management;design;data_analytics_ai,Hexaware,2,India;global,delivery_centers,https://hexaware.com/careers/,https://hexaware.com/careers/,unknown_or_custom,Chennai;Mumbai;Pune;Bengaluru,role_dependent,developer;automation;cloud;support,India delivery roles
india_it_services,Consulting IT services,software_engineering;product_management;design;data_analytics_ai;operations_sales_hr_finance,Accenture India,1,India;global,delivery_centers,https://www.accenture.com/in-en/careers/jobsearch,https://www.accenture.com/in-en/careers/jobsearch,unknown_or_custom,Bengaluru;Hyderabad;Mumbai;Gurugram,role_dependent,consultant;developer;cloud;operations,Returnship and disability-inclusive hiring signals
india_it_services,Consulting IT services,software_engineering;product_management;design;data_analytics_ai;operations_sales_hr_finance,Capgemini India,1,India;global,delivery_centers,https://www.capgemini.com/in-en/careers/job-search/,https://www.capgemini.com/in-en/careers/job-search/,unknown_or_custom,Bengaluru;Mumbai;Pune;Hyderabad,role_dependent,developer;consultant;cloud;data,India-wide services hiring
india_it_services,Consulting cloud AI,software_engineering;product_management;design;data_analytics_ai;operations_sales_hr_finance,IBM India,1,India;global,india_gcc,https://www.ibm.com/careers/search?field_keyword_18[0]=India,https://www.ibm.com/careers/search?field_keyword_18[0]=India,unknown_or_custom,Bengaluru;Hyderabad;Pune;Gurugram,hybrid,developer;consultant;AI;cloud,Consulting plus product engineering roles
india_it_services,IT services,software_engineering;data_analytics_ai;operations_sales_hr_finance,Cognizant India,1,India;global,delivery_centers,https://careers.cognizant.com/in/en,https://careers.cognizant.com/in/en,unknown_or_custom,Chennai;Bengaluru;Hyderabad;Pune,role_dependent,developer;analyst;consultant;healthcare tech,Large lateral and campus hiring
india_it_services,Engineering services,software_engineering;manufacturing_energy;data_analytics_ai,L&T Technology Services,2,India;global,delivery_centers,https://www.ltts.com/careers,https://www.ltts.com/careers,unknown_or_custom,Bengaluru;Mysuru;Vadodara;Pune,role_dependent,embedded;mechanical;validation;IoT,Engineering services and plant-adjacent roles
india_it_services,IT services,software_engineering;data_analytics_ai;operations_sales_hr_finance,Birlasoft,2,India;global,delivery_centers,https://www.birlasoft.com/careers,https://www.birlasoft.com/careers,unknown_or_custom,Pune;Noida;Bengaluru;Hyderabad,role_dependent,developer;ERP;cloud;data,Enterprise services hiring
india_it_services,IT services,software_engineering;data_analytics_ai;operations_sales_hr_finance,Zensar,2,India;global,delivery_centers,https://www.zensar.com/careers,https://www.zensar.com/careers,unknown_or_custom,Pune;Hyderabad;Bengaluru,role_dependent,developer;experience;cloud;data,Digital engineering roles
india_it_services,Engineering services,software_engineering;manufacturing_energy;data_analytics_ai,Cyient,2,India;global,delivery_centers,https://www.cyient.careers/,https://www.cyient.careers/,unknown_or_custom,Hyderabad;Bengaluru;Pune,role_dependent,engineering design;embedded;GIS;data,Engineering and geospatial services
india_it_services,IT services,software_engineering;data_analytics_ai;operations_sales_hr_finance,UST,2,India;global,delivery_centers,https://www.ust.com/en/careers,https://www.ust.com/en/careers,unknown_or_custom,Thiruvananthapuram;Bengaluru;Chennai;Hyderabad,role_dependent,developer;product engineering;data;cloud,Strong Kerala and south India presence
india_it_services,Digital consulting,software_engineering;product_management;design;data_analytics_ai,Thoughtworks India,2,India;global,delivery_centers,https://www.thoughtworks.com/en-in/careers/jobs,https://www.thoughtworks.com/en-in/careers/jobs,unknown_or_custom,Bengaluru;Pune;Hyderabad;Gurugram,hybrid,developer;consultant;product;design,Agile product and engineering consulting
india_it_services,Digital consulting,software_engineering;product_management;design;data_analytics_ai,Publicis Sapient,2,India;global,delivery_centers,https://www.publicissapient.com/careers,https://www.publicissapient.com/careers,unknown_or_custom,Bengaluru;Gurugram;Noida;Pune,hybrid,developer;product manager;experience design;data,Digital business transformation roles
product_saas_fintech,SaaS product,software_engineering;product_management;design;data_analytics_ai,Zoho,1,India;global,hq_india,https://www.zoho.com/careers/jobdetails/,https://www.zoho.com/careers/jobdetails/,unknown_or_custom,Chennai;Coimbatore;Bengaluru,hybrid,developer;QA;product;support,India-headquartered SaaS roles
product_saas_fintech,SaaS product,software_engineering;product_management;design;data_analytics_ai,Freshworks,1,India;global,hq_india,https://www.freshworks.com/company/careers/jobs/,https://www.freshworks.com/company/careers/jobs/,unknown_or_custom,Chennai;Bengaluru;Hyderabad,hybrid,developer;PM;UX;customer success,SaaS product and GTM roles
product_saas_fintech,Developer tools,software_engineering;product_management;design;data_analytics_ai,Postman,1,India;global,hq_india,https://www.postman.com/company/careers/,https://www.postman.com/company/careers/,unknown_or_custom,Bengaluru;Remote,yes,backend;frontend;PM;developer relations,Remote-friendly developer tooling
product_saas_fintech,Developer tools,software_engineering;product_management;design;data_analytics_ai,BrowserStack,1,India;global,hq_india,https://www.browserstack.com/careers/jobs,https://www.browserstack.com/careers/jobs,unknown_or_custom,Mumbai;Remote,yes,developer;SRE;PM;QA automation,Remote-friendly test infrastructure roles
product_saas_fintech,Payments fintech,software_engineering;product_management;design;data_analytics_ai;operations_sales_hr_finance,Razorpay,1,India,hq_india,https://razorpay.com/jobs/,https://razorpay.com/jobs/,unknown_or_custom,Bengaluru;Mumbai,hybrid,payments;backend;risk;sales,Fintech engineering and operations
product_saas_fintech,Payments fintech,software_engineering;product_management;design;data_analytics_ai;operations_sales_hr_finance,PhonePe,1,India,hq_india,https://www.phonepe.com/careers/jobs/,https://www.phonepe.com/careers/jobs/,unknown_or_custom,Bengaluru;Pune,hybrid,backend;mobile;risk;business operations,Large UPI and consumer fintech roles
product_saas_fintech,Payments fintech,software_engineering;product_management;design;data_analytics_ai;operations_sales_hr_finance,Paytm,1,India,hq_india,https://paytm.com/careers/,https://paytm.com/careers/,unknown_or_custom,Noida;Bengaluru;Mumbai,role_dependent,developer;product;field sales;operations,Includes field sales and merchant roles
product_saas_fintech,Consumer fintech,software_engineering;product_management;design;data_analytics_ai;operations_sales_hr_finance,CRED,2,India,hq_india,https://cred.club/careers,https://cred.club/careers,unknown_or_custom,Bengaluru,hybrid,backend;mobile;design;growth,Consumer fintech product roles
product_saas_fintech,HR SaaS,software_engineering;product_management;design;data_analytics_ai,Rippling,1,India;global,india_gcc,https://www.rippling.com/careers/open-roles?locations=India,https://www.rippling.com/careers/open-roles?locations=India,rippling,Bengaluru;Remote,yes,software engineer;PM;design;data,Useful ATS coverage marker for Rippling boards
product_saas_fintech,Subscription SaaS,software_engineering;product_management;operations_sales_hr_finance;data_analytics_ai,Chargebee,2,India;global,hq_india,https://www.chargebee.com/careers/,https://www.chargebee.com/careers/,unknown_or_custom,Chennai;Bengaluru;Remote,hybrid,billing;backend;sales;customer success,SaaS billing and revenue roles
product_saas_fintech,Contract SaaS,software_engineering;product_management;operations_sales_hr_finance;data_analytics_ai,Icertis,2,India;global,india_gcc,https://www.icertis.com/company/careers/,https://www.icertis.com/company/careers/,unknown_or_custom,Pune;Bengaluru;Mumbai,hybrid,developer;CLM;implementation;AI,Enterprise SaaS implementation plus engineering
product_saas_fintech,Cloud data protection,software_engineering;product_management;data_analytics_ai,Druva,2,India;global,hq_india,https://www.druva.com/about/careers/,https://www.druva.com/about/careers/,unknown_or_custom,Pune;Bengaluru;Remote,hybrid,backend;cloud;security;SRE,Cloud security and backup product roles
product_saas_fintech,Digital adoption SaaS,software_engineering;product_management;design;operations_sales_hr_finance,Whatfix,2,India;global,hq_india,https://whatfix.com/careers/,https://whatfix.com/careers/,unknown_or_custom,Bengaluru;Gurugram;Mumbai,hybrid,developer;PM;customer success;sales,SaaS GTM and product roles
product_saas_fintech,Marketing SaaS,software_engineering;product_management;data_analytics_ai;operations_sales_hr_finance,MoEngage,2,India;global,hq_india,https://www.moengage.com/careers/,https://www.moengage.com/careers/,unknown_or_custom,Bengaluru;Mumbai;Remote,hybrid,backend;data;customer success;sales,Customer engagement SaaS roles
product_saas_fintech,Customer engagement SaaS,software_engineering;product_management;data_analytics_ai;operations_sales_hr_finance,CleverTap,2,India;global,hq_india,https://clevertap.com/careers/,https://clevertap.com/careers/,unknown_or_custom,Mumbai;Bengaluru;Pune,hybrid,developer;analytics;CSM;sales,Marketing analytics product roles
product_saas_fintech,Health data SaaS,software_engineering;product_management;data_analytics_ai;healthcare,Innovaccer,2,India;global,hq_india,https://innovaccer.com/careers/,https://innovaccer.com/careers/,unknown_or_custom,Noida;Bengaluru;Remote,hybrid,data engineer;health data;PM;analytics,Healthcare data platform roles
product_saas_fintech,HR SaaS,software_engineering;product_management;design;operations_sales_hr_finance,Darwinbox,2,India;global,hq_india,https://darwinbox.com/careers,https://darwinbox.com/careers,unknown_or_custom,Hyderabad;Mumbai;Bengaluru,hybrid,developer;implementation;HR tech;sales,HR tech product and implementation
product_saas_fintech,Payments fintech,software_engineering;product_management;data_analytics_ai,Juspay,2,India,hq_india,https://juspay.io/careers,https://juspay.io/careers,unknown_or_custom,Bengaluru,hybrid,backend;payments;Haskell;SRE,Payments infrastructure roles
product_saas_fintech,Merchant fintech,software_engineering;product_management;operations_sales_hr_finance;data_analytics_ai,Pine Labs,2,India,hq_india,https://www.pinelabs.com/careers,https://www.pinelabs.com/careers,unknown_or_custom,Noida;Bengaluru;Mumbai,role_dependent,payments;merchant sales;product;support,Merchant payments and field sales
product_saas_fintech,Brokerage fintech,software_engineering;product_management;operations_sales_hr_finance;data_analytics_ai,Zerodha,2,India,hq_india,https://zerodha.com/careers/,https://zerodha.com/careers/,unknown_or_custom,Bengaluru,hybrid,backend;support;markets;product,Lean brokerage and support roles
product_saas_fintech,Consumer investing,software_engineering;product_management;design;data_analytics_ai,Groww,1,India,hq_india,https://groww.in/careers,https://groww.in/careers,unknown_or_custom,Bengaluru,hybrid,backend;mobile;PM;design,Consumer investing product roles
product_saas_fintech,Brokerage fintech,software_engineering;product_management;operations_sales_hr_finance;data_analytics_ai,Upstox,2,India,hq_india,https://upstox.com/careers/,https://upstox.com/careers/,unknown_or_custom,Mumbai;Bengaluru,hybrid,backend;mobile;markets;support,Trading product and support roles
product_saas_fintech,Merchant fintech,software_engineering;product_management;operations_sales_hr_finance;data_analytics_ai,BharatPe,2,India,hq_india,https://bharatpe.com/career/,https://bharatpe.com/career/,unknown_or_custom,Delhi NCR;Bengaluru;India,role_dependent,merchant sales;risk;product;operations,Field sales and merchant operations
product_saas_fintech,Lending fintech,software_engineering;product_management;operations_sales_hr_finance;data_analytics_ai,Navi,2,India,hq_india,https://navi.com/careers,https://navi.com/careers,unknown_or_custom,Bengaluru,hybrid,lending;backend;risk;analytics,Consumer finance product roles
ecommerce_logistics_retail,Marketplace,software_engineering;product_management;design;data_analytics_ai;operations_sales_hr_finance,Meesho,1,India,hq_india,https://www.meesho.io/jobs,https://www.meesho.io/jobs,unknown_or_custom,Bengaluru,hybrid,developer;PM;category;growth,Marketplace product and category roles
ecommerce_logistics_retail,Food delivery,software_engineering;product_management;operations_sales_hr_finance;data_analytics_ai,Swiggy,1,India,hq_india,https://careers.swiggy.com/#/careers,https://careers.swiggy.com/#/careers,unknown_or_custom,Bengaluru;Gurugram;Mumbai;Hyderabad,role_dependent,developer;operations;fleet;category,Field operations and delivery logistics
ecommerce_logistics_retail,Food delivery,software_engineering;product_management;operations_sales_hr_finance;data_analytics_ai,Zomato,1,India,hq_india,https://www.zomato.com/careers,https://www.zomato.com/careers,unknown_or_custom,Gurugram;Bengaluru;Mumbai,role_dependent,developer;operations;restaurant sales;growth,Field sales and restaurant operations
ecommerce_logistics_retail,Mobility,software_engineering;product_management;operations_sales_hr_finance;data_analytics_ai,Ola,1,India,hq_india,https://www.olacabs.com/careers,https://www.olacabs.com/careers,unknown_or_custom,Bengaluru;Gurugram,role_dependent,developer;operations;fleet;analytics,Marketplace and fleet operations
ecommerce_logistics_retail,Logistics,software_engineering;product_management;operations_sales_hr_finance;data_analytics_ai,Delhivery,1,India,hq_india,https://www.delhivery.com/careers/,https://www.delhivery.com/careers/,unknown_or_custom,Gurugram;Bengaluru;Mumbai;India,role_dependent,warehouse;line haul;developer;operations,Warehouse and logistics network roles
ecommerce_logistics_retail,Marketplace,software_engineering;product_management;design;data_analytics_ai;operations_sales_hr_finance,Flipkart,1,India,hq_india,https://www.flipkartcareers.com/#!/joblist,https://www.flipkartcareers.com/#!/joblist,unknown_or_custom,Bengaluru;Gurugram;India,role_dependent,SDE;category;warehouse;analytics,Marketplace tech plus supply chain roles
ecommerce_logistics_retail,Fashion marketplace,software_engineering;product_management;design;operations_sales_hr_finance,Myntra,1,India,hq_india,https://www.myntra.com/careers,https://www.myntra.com/careers,unknown_or_custom,Bengaluru,hybrid,developer;fashion;category;design,Fashion product and category roles
ecommerce_logistics_retail,Retail telecom,software_engineering;product_management;operations_sales_hr_finance;data_analytics_ai,Jio Platforms,1,India,hq_india,https://careers.jio.com/,https://careers.jio.com/,unknown_or_custom,Mumbai;Bengaluru;Hyderabad;India,role_dependent,developer;telecom;retail;field operations,Digital platforms and telecom roles
ecommerce_logistics_retail,Retail,operations_sales_hr_finance;product_management;data_analytics_ai,Reliance Retail,1,India,hq_india,https://relianceretail.com/careers.html,https://relianceretail.com/careers.html,unknown_or_custom,Mumbai;India,role_dependent,store;category;warehouse;finance,Store and warehouse hiring
ecommerce_logistics_retail,Quick commerce,software_engineering;product_management;operations_sales_hr_finance;data_analytics_ai,Zepto,1,India,hq_india,https://www.zeptonow.com/careers,https://www.zeptonow.com/careers,unknown_or_custom,Bengaluru;Mumbai;Delhi NCR;India,role_dependent,dark store;operations;developer;category,Quick commerce dark store roles
ecommerce_logistics_retail,Grocery ecommerce,software_engineering;product_management;operations_sales_hr_finance;data_analytics_ai,BigBasket,1,India,hq_india,https://www.bigbasket.com/careers/,https://www.bigbasket.com/careers/,unknown_or_custom,Bengaluru;India,role_dependent,warehouse;delivery;developer;category,Grocery warehouse and operations
ecommerce_logistics_retail,Logistics,operations_sales_hr_finance;data_analytics_ai,Mahindra Logistics,2,India,hq_india,https://www.mahindralogistics.com/careers/,https://www.mahindralogistics.com/careers/,unknown_or_custom,Mumbai;India,role_dependent,warehouse;transport;operations;sales,Contract logistics and warehouse roles
ecommerce_logistics_retail,Logistics,operations_sales_hr_finance;data_analytics_ai,Blue Dart,2,India,hq_india,https://www.bluedart.com/careers,https://www.bluedart.com/careers,unknown_or_custom,Mumbai;India,role_dependent,courier;hub operations;sales;customer service,Branch and hub logistics roles
ecommerce_logistics_retail,Logistics,operations_sales_hr_finance;data_analytics_ai,DHL India,2,India;global,india_wide,https://careers.dhl.com/global/en/search-results?keywords=&location=India,https://careers.dhl.com/global/en/search-results?keywords=&location=India,unknown_or_custom,Mumbai;Bengaluru;Delhi NCR;India,role_dependent,warehouse;freight;sales;operations,Global logistics roles in India
ecommerce_logistics_retail,Quick commerce,operations_sales_hr_finance;product_management;software_engineering,Blinkit,2,India,hq_india,https://blinkit.com/careers,https://blinkit.com/careers,unknown_or_custom,Gurugram;Bengaluru;Mumbai;India,role_dependent,dark store;delivery;category;engineering,Quick commerce and dark store hiring
ecommerce_logistics_retail,Beauty retail,software_engineering;product_management;operations_sales_hr_finance;design,Nykaa,2,India,hq_india,https://www.nykaa.com/careers,https://www.nykaa.com/careers,unknown_or_custom,Mumbai;Bengaluru;India,role_dependent,category;retail;developer;brand,Beauty ecommerce and store roles
ecommerce_logistics_retail,Home services,software_engineering;product_management;operations_sales_hr_finance;data_analytics_ai,Urban Company,2,India,hq_india,https://www.urbancompany.com/careers,https://www.urbancompany.com/careers,unknown_or_custom,Gurugram;Bengaluru;Mumbai,role_dependent,operations;trust safety;developer;category,Field operations and marketplace roles
ecommerce_logistics_retail,Omnichannel retail,software_engineering;product_management;operations_sales_hr_finance,Lenskart,2,India,hq_india,https://www.lenskart.com/careers,https://www.lenskart.com/careers,unknown_or_custom,Gurugram;Bengaluru;India,role_dependent,store;optometrist;category;developer,Store and optometrist roles
ecommerce_logistics_retail,Food retail,operations_sales_hr_finance;data_analytics_ai,DMart,2,India,hq_india,https://www.dmartindia.com/careers,https://www.dmartindia.com/careers,unknown_or_custom,Mumbai;Pune;Ahmedabad;India,role_dependent,store;warehouse;buying;finance,Store and warehouse hiring
ecommerce_logistics_retail,Consumer retail,operations_sales_hr_finance;design;product_management,Titan Company,2,India,hq_india,https://www.titancompany.in/careers,https://www.titancompany.in/careers,unknown_or_custom,Bengaluru;Mumbai;India,role_dependent,retail;design;sales;category,Jewellery and watch retail roles
ecommerce_logistics_retail,Logistics,operations_sales_hr_finance;data_analytics_ai,Ecom Express,2,India,hq_india,https://ecomexpress.in/careers/,https://ecomexpress.in/careers/,unknown_or_custom,Delhi NCR;India,role_dependent,hub operations;delivery;warehouse;sales,Last-mile logistics roles
ecommerce_logistics_retail,Logistics marketplace,software_engineering;operations_sales_hr_finance;product_management,Porter,2,India,hq_india,https://porter.in/careers,https://porter.in/careers,unknown_or_custom,Bengaluru;Mumbai;Delhi NCR;India,role_dependent,operations;fleet;developer;sales,City logistics and field operations
ecommerce_logistics_retail,Shipping SaaS,software_engineering;product_management;operations_sales_hr_finance;data_analytics_ai,Shiprocket,2,India,hq_india,https://www.shiprocket.in/careers/,https://www.shiprocket.in/careers/,unknown_or_custom,Delhi NCR;Bengaluru;Mumbai,hybrid,developer;logistics;SaaS;sales,Ecommerce shipping platform roles
bfsi,Banking,operations_sales_hr_finance;product_management;data_analytics_ai,HDFC Bank,1,India,hq_india,https://www.hdfcbank.com/personal/careers,https://www.hdfcbank.com/personal/careers,unknown_or_custom,Mumbai;India,role_dependent,branch banking;relationship manager;credit;analytics,Branch banking and sales roles
bfsi,Banking,operations_sales_hr_finance;product_management;data_analytics_ai,ICICI Bank,1,India,hq_india,https://www.icicicareers.com/,https://www.icicicareers.com/,unknown_or_custom,Mumbai;India,role_dependent,branch banking;wealth;credit;technology,Branch and digital banking roles
bfsi,Banking,operations_sales_hr_finance;product_management;data_analytics_ai,Axis Bank,1,India,hq_india,https://www.axisbank.com/careers,https://www.axisbank.com/careers,unknown_or_custom,Mumbai;India,role_dependent,branch banking;sales;credit;analytics,Branch banking and field sales
bfsi,Banking,operations_sales_hr_finance;product_management;data_analytics_ai,Kotak,1,India,hq_india,https://www.kotak.com/en/about-us/careers.html,https://www.kotak.com/en/about-us/careers.html,unknown_or_custom,Mumbai;India,role_dependent,branch banking;wealth;credit;technology,Bank and securities group hiring
bfsi,Public bank,operations_sales_hr_finance;data_analytics_ai;public_sector,SBI,1,India,psu_public,https://sbi.co.in/web/careers,https://sbi.co.in/web/careers,unknown_or_custom,India,role_dependent,probationary officer;clerk;specialist officer;banking,Public-sector bank recruitment windows
bfsi,Financial services,operations_sales_hr_finance;product_management;data_analytics_ai,Bajaj Finserv,1,India,hq_india,https://www.bajajfinserv.in/careers,https://www.bajajfinserv.in/careers,unknown_or_custom,Pune;India,role_dependent,credit;sales;collections;analytics,NBFC and insurance group roles
bfsi,Insurtech,operations_sales_hr_finance;product_management;data_analytics_ai,Policybazaar,2,India,hq_india,https://www.policybazaar.com/careers/,https://www.policybazaar.com/careers/,unknown_or_custom,Gurugram;India,role_dependent,insurance sales;operations;product;analytics,Large telesales and field sales footprint
bfsi,Consulting audit,operations_sales_hr_finance;software_engineering;data_analytics_ai,Deloitte India,1,India;global,india_wide,https://www2.deloitte.com/in/en/careers/job-search.html,https://www2.deloitte.com/in/en/careers/job-search.html,unknown_or_custom,Mumbai;Bengaluru;Gurugram;Hyderabad,hybrid,consultant;audit;tax;technology,Consulting and advisory roles
bfsi,Consulting audit,operations_sales_hr_finance;software_engineering;data_analytics_ai,EY India,1,India;global,india_wide,https://www.ey.com/en_in/careers/job-search,https://www.ey.com/en_in/careers/job-search,unknown_or_custom,Bengaluru;Mumbai;Gurugram;Hyderabad,hybrid,consultant;audit;tax;technology,Consulting and global delivery roles
bfsi,Consulting audit,operations_sales_hr_finance;software_engineering;data_analytics_ai,KPMG India,1,India;global,india_wide,https://kpmg.com/in/en/home/careers.html,https://kpmg.com/in/en/home/careers.html,unknown_or_custom,Bengaluru;Mumbai;Gurugram,hybrid,consultant;audit;risk;technology,Advisory and risk consulting roles
bfsi,Consulting audit,operations_sales_hr_finance;software_engineering;data_analytics_ai,PwC India,1,India;global,india_wide,https://www.pwc.in/careers.html,https://www.pwc.in/careers.html,unknown_or_custom,Bengaluru;Mumbai;Gurugram;Hyderabad,hybrid,consultant;audit;tax;technology,Consulting and assurance roles
bfsi,Public bank,operations_sales_hr_finance;data_analytics_ai;public_sector,Bank of Baroda,2,India,psu_public,https://www.bankofbaroda.in/career/current-opportunities,https://www.bankofbaroda.in/career/current-opportunities,unknown_or_custom,India,role_dependent,officer;clerk;specialist;banking,Public bank recruitment notices
bfsi,Public bank,operations_sales_hr_finance;data_analytics_ai;public_sector,Punjab National Bank,2,India,psu_public,https://www.pnbindia.in/Recruitments.aspx,https://www.pnbindia.in/Recruitments.aspx,unknown_or_custom,India,role_dependent,officer;specialist;branch banking;credit,Public bank recruitment notices
bfsi,Public bank,operations_sales_hr_finance;data_analytics_ai;public_sector,Canara Bank,2,India,psu_public,https://canarabank.com/pages/recruitment,https://canarabank.com/pages/recruitment,unknown_or_custom,India,role_dependent,officer;clerk;specialist;banking,Public bank recruitment notices
bfsi,Private bank,operations_sales_hr_finance;product_management;data_analytics_ai,IDFC FIRST Bank,2,India,hq_india,https://www.idfcfirstbank.com/careers,https://www.idfcfirstbank.com/careers,unknown_or_custom,Mumbai;Bengaluru;India,role_dependent,branch banking;relationship manager;product;analytics,Digital and branch banking roles
bfsi,Private bank,operations_sales_hr_finance;product_management;data_analytics_ai,Yes Bank,2,India,hq_india,https://www.yesbank.in/about-us/careers,https://www.yesbank.in/about-us/careers,unknown_or_custom,Mumbai;India,role_dependent,branch banking;sales;credit;technology,Branch and corporate banking roles
bfsi,Life insurance,operations_sales_hr_finance;data_analytics_ai,HDFC Life,2,India,hq_india,https://www.hdfclife.com/about-us/careers,https://www.hdfclife.com/about-us/careers,unknown_or_custom,Mumbai;India,role_dependent,insurance sales;actuarial;operations;analytics,Agency and bancassurance roles
bfsi,Public insurance,operations_sales_hr_finance;data_analytics_ai;public_sector,LIC,2,India,psu_public,https://licindia.in/careers,https://licindia.in/careers,unknown_or_custom,India,role_dependent,assistant;AAO;insurance;actuarial,Public insurance recruitment windows
bfsi,General insurance,operations_sales_hr_finance;data_analytics_ai,ICICI Lombard,2,India,hq_india,https://www.icicilombard.com/careers,https://www.icicilombard.com/careers,unknown_or_custom,Mumbai;India,role_dependent,claims;underwriting;sales;analytics,Insurance operations and sales
bfsi,Gold loan NBFC,operations_sales_hr_finance;data_analytics_ai,Muthoot Finance,2,India,hq_india,https://www.muthootfinance.com/careers,https://www.muthootfinance.com/careers,unknown_or_custom,Kochi;India,role_dependent,branch sales;credit;operations;collections,Large branch network roles
education,Edtech,teaching_academic;product_management;software_engineering;data_analytics_ai,BYJU'S,1,India,hq_india,https://byjus.com/careers/,https://byjus.com/careers/,unknown_or_custom,Bengaluru;India,role_dependent,teacher;content;business development;developer,Edtech sales and academic roles
education,Edtech,teaching_academic;product_management;software_engineering;data_analytics_ai,Unacademy,1,India,hq_india,https://unacademy.com/careers,https://unacademy.com/careers,unknown_or_custom,Bengaluru;Remote,yes,educator;content;developer;PM,Remote educator and product roles
education,Edtech,teaching_academic;product_management;software_engineering;data_analytics_ai,PhysicsWallah,1,India,hq_india,https://www.pw.live/careers,https://www.pw.live/careers,unknown_or_custom,Noida;Delhi NCR;Remote;India,role_dependent,teacher;content;developer;center operations,Offline centers plus edtech roles
education,Edtech,teaching_academic;product_management;software_engineering;data_analytics_ai,Vedantu,2,India,hq_india,https://www.vedantu.com/careers,https://www.vedantu.com/careers,unknown_or_custom,Bengaluru;Remote,yes,teacher;tutor;academic counselor;developer,Remote teaching and academic operations
education,Edtech,teaching_academic;product_management;software_engineering;data_analytics_ai,upGrad,1,India,hq_india,https://www.upgrad.com/about/careers/,https://www.upgrad.com/about/careers/,unknown_or_custom,Mumbai;Bengaluru;Noida,hybrid,learning consultant;content;developer;sales,Higher education and sales roles
education,Edtech,teaching_academic;product_management;software_engineering;data_analytics_ai,Simplilearn,2,India,hq_india,https://www.simplilearn.com/career,https://www.simplilearn.com/career,unknown_or_custom,Bengaluru;Remote,hybrid,trainer;content;developer;sales,Professional learning roles
education,Edtech,teaching_academic;product_management;software_engineering;data_analytics_ai,Great Learning,2,India,hq_india,https://www.greatlearning.in/career,https://www.greatlearning.in/career,unknown_or_custom,Gurugram;Bengaluru;Chennai,hybrid,program manager;learning consultant;faculty;data,Online higher education roles
education,Edtech,teaching_academic;product_management;software_engineering;data_analytics_ai,Teachmint,2,India,hq_india,https://www.teachmint.com/careers,https://www.teachmint.com/careers,unknown_or_custom,Bengaluru,hybrid,developer;PM;school sales;support,School SaaS roles
education,School chain,teaching_academic;operations_sales_hr_finance,LEAD Group,2,India,hq_india,https://leadschool.in/careers/,https://leadschool.in/careers/,unknown_or_custom,Mumbai;India,role_dependent,teacher;school operations;field sales;curriculum,School network and field roles
education,Edtech,teaching_academic;product_management;software_engineering;data_analytics_ai,Cuemath,2,India,hq_india,https://www.cuemath.com/careers/,https://www.cuemath.com/careers/,unknown_or_custom,Bengaluru;Remote,yes,tutor;curriculum;developer;growth,Remote tutoring roles
education,School chain,teaching_academic;operations_sales_hr_finance,Narayana Schools,2,India,hq_india,https://www.narayanaschools.in/careers/,https://www.narayanaschools.in/careers/,unknown_or_custom,India,role_dependent,teacher;principal;administrator;admissions,School teaching and admin roles
education,School chain,teaching_academic;operations_sales_hr_finance,Podar Education,2,India,hq_india,https://www.podareducation.org/careers,https://www.podareducation.org/careers,unknown_or_custom,India,role_dependent,teacher;coordinator;principal;operations,School network roles
education,University,teaching_academic;operations_sales_hr_finance,Ashoka University,2,India,public_institution,https://www.ashoka.edu.in/work-with-us/,https://www.ashoka.edu.in/work-with-us/,unknown_or_custom,Sonipat;Delhi NCR,no,faculty;research;administration;student affairs,Adjunct and faculty roles can surface
education,University,teaching_academic;healthcare;operations_sales_hr_finance,Manipal Academy of Higher Education,2,India,hq_india,https://careers.manipal.edu/,https://careers.manipal.edu/,unknown_or_custom,Manipal;Bengaluru,no,faculty;research;healthcare;administration,Faculty and hospital-linked academic roles
education,Coaching,teaching_academic;operations_sales_hr_finance,ALLEN Career Institute,1,India,hq_india,https://www.allen.ac.in/career/,https://www.allen.ac.in/career/,unknown_or_custom,Kota;Bengaluru;India,role_dependent,faculty;teacher;center operations;sales,Coaching faculty and center roles
education,Coaching,teaching_academic;operations_sales_hr_finance,Aakash Educational Services,1,India,hq_india,https://www.aakash.ac.in/careers,https://www.aakash.ac.in/careers,unknown_or_custom,India,role_dependent,faculty;teacher;admissions;sales,Coaching faculty and branch roles
education,Training,teaching_academic;operations_sales_hr_finance;software_engineering,NIIT,2,India,hq_india,https://www.niit.com/india/careers/,https://www.niit.com/india/careers/,unknown_or_custom,Gurugram;India,role_dependent,trainer;content;sales;technology,IT training and corporate learning roles
education,Tech education,teaching_academic;product_management;software_engineering;operations_sales_hr_finance,Scaler,2,India,hq_india,https://www.scaler.com/careers/,https://www.scaler.com/careers/,unknown_or_custom,Bengaluru;Remote,hybrid,mentor;instructor;developer;sales,Remote mentors and edtech roles
education,Tech education,teaching_academic;product_management;software_engineering;operations_sales_hr_finance,Newton School,2,India,hq_india,https://www.newtonschool.co/careers,https://www.newtonschool.co/careers,unknown_or_custom,Bengaluru;Remote,hybrid,instructor;mentor;developer;admissions,Tech education and placement roles
education,University,teaching_academic;operations_sales_hr_finance,Amity University,2,India,hq_india,https://amity.edu/careers/,https://amity.edu/careers/,unknown_or_custom,Noida;India,no,faculty;lecturer;admin;research,Adjunct faculty and campus roles
education,University,teaching_academic;operations_sales_hr_finance;data_analytics_ai,BITS Pilani,2,India,public_institution,https://www.bits-pilani.ac.in/careers/,https://www.bits-pilani.ac.in/careers/,unknown_or_custom,Pilani;Goa;Hyderabad;Mumbai,no,faculty;research;admin;labs,Faculty and research openings
healthcare,Hospitals,healthcare;operations_sales_hr_finance;data_analytics_ai;software_engineering,Apollo Hospitals,1,India,hq_india,https://www.apollohospitals.com/careers/,https://www.apollohospitals.com/careers/,unknown_or_custom,Chennai;Hyderabad;Delhi NCR;Bengaluru,no,doctor;nurse;pharmacist;hospital operations,Locum and consultant doctor roles may surface by unit
healthcare,Hospitals,healthcare;operations_sales_hr_finance;data_analytics_ai;software_engineering,Fortis,1,India,hq_india,https://www.fortishealthcare.com/careers,https://www.fortishealthcare.com/careers,unknown_or_custom,Delhi NCR;Mumbai;Bengaluru,no,doctor;nurse;technician;operations,Hospital network roles
healthcare,Hospitals,healthcare;operations_sales_hr_finance;data_analytics_ai;software_engineering,Max Healthcare,1,India,hq_india,https://www.maxhealthcare.in/careers,https://www.maxhealthcare.in/careers,unknown_or_custom,Delhi NCR;Mumbai,no,doctor;nurse;technician;operations,Consultant doctor and nursing roles
healthcare,Hospitals,healthcare;operations_sales_hr_finance;data_analytics_ai;software_engineering,Manipal Hospitals,1,India,hq_india,https://www.manipalhospitals.com/careers/,https://www.manipalhospitals.com/careers/,unknown_or_custom,Bengaluru;Delhi NCR;Pune,no,doctor;nurse;technician;operations,Hospital network roles
healthcare,Hospitals,healthcare;operations_sales_hr_finance;data_analytics_ai;software_engineering,Narayana Health,1,India,hq_india,https://www.narayanahealth.org/careers,https://www.narayanahealth.org/careers,unknown_or_custom,Bengaluru;Kolkata;Jaipur,no,doctor;nurse;clinical;operations,Clinical and hospital operations roles
healthcare,Hospitals,healthcare;operations_sales_hr_finance;data_analytics_ai;software_engineering,Aster,1,India;GCC,hq_india,https://www.asterdmhealthcare.com/careers,https://www.asterdmhealthcare.com/careers,unknown_or_custom,Bengaluru;Kochi;Hyderabad,no,doctor;nurse;clinical;operations,India and GCC healthcare hiring
healthcare,Hospitals,healthcare;operations_sales_hr_finance;data_analytics_ai;software_engineering,Medanta,1,India,hq_india,https://www.medanta.org/careers,https://www.medanta.org/careers,unknown_or_custom,Gurugram;Lucknow;Indore,no,doctor;nurse;technician;operations,Specialty hospital roles
healthcare,Hospitals,healthcare;operations_sales_hr_finance;data_analytics_ai;software_engineering,CARE Hospitals,2,India,hq_india,https://www.carehospitals.com/careers,https://www.carehospitals.com/careers,unknown_or_custom,Hyderabad;Bhubaneswar;Raipur,no,doctor;nurse;technician;operations,Hospital network roles
healthcare,Hospitals,healthcare;operations_sales_hr_finance;data_analytics_ai;software_engineering,Yashoda Hospitals,2,India,hq_india,https://www.yashodahospitals.com/careers/,https://www.yashodahospitals.com/careers/,unknown_or_custom,Hyderabad,no,doctor;nurse;resident doctor;operations,Hyderabad hospital roles
healthcare,Hospitals,healthcare;operations_sales_hr_finance;data_analytics_ai;software_engineering,Rainbow Childrens Hospital,2,India,hq_india,https://www.rainbowhospitals.in/careers,https://www.rainbowhospitals.in/careers,unknown_or_custom,Hyderabad;Bengaluru;Delhi NCR,no,pediatrician;nurse;technician;operations,Women and child healthcare roles
healthcare,Diagnostics,healthcare;operations_sales_hr_finance;data_analytics_ai,Dr Lal PathLabs,1,India,hq_india,https://www.lalpathlabs.com/career.aspx,https://www.lalpathlabs.com/career.aspx,unknown_or_custom,Delhi NCR;India,role_dependent,lab technician;pathologist;phlebotomist;sales,Diagnostics lab and field collection roles
healthcare,Diagnostics,healthcare;operations_sales_hr_finance;data_analytics_ai,Metropolis Healthcare,1,India,hq_india,https://www.metropolisindia.com/careers,https://www.metropolisindia.com/careers,unknown_or_custom,Mumbai;India,role_dependent,lab technician;pathologist;phlebotomist;sales,Diagnostics network roles
healthcare,Diagnostics,healthcare;operations_sales_hr_finance;data_analytics_ai,Thyrocare,2,India,hq_india,https://www.thyrocare.com/careers,https://www.thyrocare.com/careers,unknown_or_custom,Mumbai;India,role_dependent,lab technician;pathologist;phlebotomist;operations,Diagnostics processing and franchise roles
healthcare,Healthtech,healthcare;operations_sales_hr_finance;data_analytics_ai;software_engineering,Practo,1,India,hq_india,https://www.practo.com/company/careers,https://www.practo.com/company/careers,unknown_or_custom,Bengaluru;Remote,hybrid,developer;doctor network;operations;support,Healthtech product and provider operations
healthcare,Healthtech pharmacy,healthcare;operations_sales_hr_finance;data_analytics_ai;software_engineering,1mg,1,India,hq_india,https://www.1mg.com/jobs,https://www.1mg.com/jobs,unknown_or_custom,Gurugram;Bengaluru,hybrid,pharmacist;developer;operations;data,Digital pharmacy and diagnostics roles
healthcare,Healthtech pharmacy,healthcare;operations_sales_hr_finance;data_analytics_ai;software_engineering,PharmEasy,1,India,hq_india,https://pharmeasy.in/careers,https://pharmeasy.in/careers,unknown_or_custom,Mumbai;Bengaluru,role_dependent,pharmacist;warehouse;developer;operations,Pharmacy warehouse and product roles
healthcare,Healthtech,healthcare;operations_sales_hr_finance;data_analytics_ai;software_engineering,MediBuddy,2,India,hq_india,https://www.medibuddy.in/careers/,https://www.medibuddy.in/careers/,unknown_or_custom,Bengaluru,hybrid,doctor network;operations;developer;support,Digital health platform roles
healthcare,Home healthcare,healthcare;operations_sales_hr_finance;data_analytics_ai;software_engineering,Portea,2,India,hq_india,https://www.portea.com/careers/,https://www.portea.com/careers/,unknown_or_custom,Bengaluru;India,role_dependent,nurse;physiotherapist;doctor;operations,Home healthcare field roles
healthcare,Healthtech,healthcare;operations_sales_hr_finance;data_analytics_ai;software_engineering,mfine,2,India,hq_india,https://www.mfine.co/careers/,https://www.mfine.co/careers/,unknown_or_custom,Bengaluru,hybrid,doctor network;developer;operations;support,Telehealth and product roles
healthcare,Hospitals,healthcare;operations_sales_hr_finance,Cloudnine Hospitals,2,India,hq_india,https://www.cloudninecare.com/careers,https://www.cloudninecare.com/careers,unknown_or_custom,Bengaluru;Mumbai;Pune;Gurugram,no,gynecologist;nurse;embryologist;operations,Women and child hospital roles
healthcare,Hospitals,healthcare;operations_sales_hr_finance,Kauvery Hospital,2,India,hq_india,https://www.kauveryhospital.com/careers/,https://www.kauveryhospital.com/careers/,unknown_or_custom,Chennai;Trichy;Bengaluru,no,doctor;nurse;technician;operations,South India hospital network roles
healthcare,Cancer care,healthcare;operations_sales_hr_finance,HCG,2,India,hq_india,https://www.hcgoncology.com/careers/,https://www.hcgoncology.com/careers/,unknown_or_custom,Bengaluru;Mumbai;Ahmedabad;India,no,oncologist;nurse;technician;operations,Specialty clinical roles
healthcare,Diagnostics,healthcare;operations_sales_hr_finance,SRL Diagnostics,2,India,hq_india,https://www.srlworld.com/careers,https://www.srlworld.com/careers,unknown_or_custom,Gurugram;Mumbai;India,role_dependent,pathologist;lab technician;phlebotomist;sales,Diagnostics field and lab roles
healthcare,Healthtech clinics,healthcare;operations_sales_hr_finance;software_engineering,Pristyn Care,2,India,hq_india,https://www.pristyncare.com/careers/,https://www.pristyncare.com/careers/,unknown_or_custom,Gurugram;India,role_dependent,doctor;care coordinator;operations;developer,Clinic network and care operations
manufacturing_ev_energy,Automotive,manufacturing_energy;software_engineering;operations_sales_hr_finance,Tata Motors,1,India,hq_india,https://www.tatamotors.com/careers/,https://www.tatamotors.com/careers/,unknown_or_custom,Pune;Jamshedpur;Sanand;Lucknow,no,manufacturing;EV;design;plant operations,Plant and automotive engineering roles
manufacturing_ev_energy,Automotive conglomerate,manufacturing_energy;software_engineering;operations_sales_hr_finance,Mahindra Group,1,India,hq_india,https://www.mahindra.com/careers,https://www.mahindra.com/careers,unknown_or_custom,Mumbai;Pune;Chennai;India,no,automotive;tractor;manufacturing;sales,Automotive and farm equipment roles
manufacturing_ev_energy,Automotive,manufacturing_energy;operations_sales_hr_finance,Maruti Suzuki,1,India,hq_india,https://www.marutisuzuki.com/corporate/careers,https://www.marutisuzuki.com/corporate/careers,unknown_or_custom,Gurugram;Manesar;Rohtak,no,production;quality;sales;R&D,Automotive plant and sales roles
manufacturing_ev_energy,Automotive,manufacturing_energy;operations_sales_hr_finance,Hyundai Motor India,2,India,hq_india,https://www.hyundai.com/in/en/hyundai-story/careers,https://www.hyundai.com/in/en/hyundai-story/careers,unknown_or_custom,Chennai;Gurugram,no,production;quality;dealer sales;R&D,Automotive manufacturing roles
manufacturing_ev_energy,Commercial vehicles,manufacturing_energy;operations_sales_hr_finance,Ashok Leyland,2,India,hq_india,https://www.ashokleyland.com/en/careers,https://www.ashokleyland.com/en/careers,unknown_or_custom,Chennai;Hosur;Pantnagar,no,production;quality;design;sales,Commercial vehicle roles
manufacturing_ev_energy,Two-wheelers,manufacturing_energy;operations_sales_hr_finance,TVS Motor,2,India,hq_india,https://www.tvsmotor.com/careers,https://www.tvsmotor.com/careers,unknown_or_custom,Chennai;Hosur;Bengaluru,no,production;R&D;EV;sales,Two-wheeler and EV roles
manufacturing_ev_energy,Two-wheelers,manufacturing_energy;operations_sales_hr_finance,Bajaj Auto,2,India,hq_india,https://www.bajajauto.com/careers,https://www.bajajauto.com/careers,unknown_or_custom,Pune;Akurdi;Chakan,no,manufacturing;R&D;quality;sales,Automotive plant roles
manufacturing_ev_energy,Two-wheelers,manufacturing_energy;operations_sales_hr_finance,Hero MotoCorp,2,India,hq_india,https://www.heromotocorp.com/en-in/careers.html,https://www.heromotocorp.com/en-in/careers.html,unknown_or_custom,Gurugram;Neemrana;Haridwar,no,manufacturing;quality;R&D;sales,Two-wheeler manufacturing roles
manufacturing_ev_energy,EV,manufacturing_energy;software_engineering;product_management,Ather Energy,1,India,hq_india,https://www.atherenergy.com/careers,https://www.atherenergy.com/careers,unknown_or_custom,Bengaluru;Hosur,hybrid,EV;embedded;battery;product,EV product and manufacturing roles
manufacturing_ev_energy,EV,manufacturing_energy;software_engineering;operations_sales_hr_finance,Ola Electric,1,India,hq_india,https://olaelectric.com/careers,https://olaelectric.com/careers,unknown_or_custom,Bengaluru;Krishnagiri;India,role_dependent,EV;battery;manufacturing;field service,EV plant and product roles
manufacturing_ev_energy,Steel,manufacturing_energy;operations_sales_hr_finance,Tata Steel,1,India,hq_india,https://www.tatasteel.com/careers/,https://www.tatasteel.com/careers/,unknown_or_custom,Jamshedpur;Kalinganagar;Mumbai,no,plant operations;metallurgy;mining;safety,Core manufacturing and mining roles
manufacturing_ev_energy,Steel,manufacturing_energy;operations_sales_hr_finance,JSW Steel,2,India,hq_india,https://www.jswsteel.in/careers,https://www.jswsteel.in/careers,unknown_or_custom,Mumbai;Vijayanagar;Dolvi,no,plant operations;metallurgy;maintenance;sales,Steel plant and commercial roles
manufacturing_ev_energy,Engineering construction,manufacturing_energy;operations_sales_hr_finance;software_engineering,Larsen & Toubro,1,India,hq_india,https://www.larsentoubro.com/corporate/careers/,https://www.larsentoubro.com/corporate/careers/,unknown_or_custom,Mumbai;Chennai;Vadodara;India,no,project engineer;construction;manufacturing;EPC,Engineering and project sites
manufacturing_ev_energy,Industrial automation,manufacturing_energy;software_engineering;operations_sales_hr_finance,Siemens India,1,India;global,india_gcc,https://www.siemens.com/in/en/company/jobs.html,https://www.siemens.com/in/en/company/jobs.html,unknown_or_custom,Bengaluru;Pune;Mumbai;Gurugram,hybrid,automation;software;manufacturing;sales,Industrial software and engineering
manufacturing_ev_energy,Energy management,manufacturing_energy;software_engineering;operations_sales_hr_finance,Schneider Electric India,1,India;global,india_gcc,https://www.se.com/in/en/about-us/careers/,https://www.se.com/in/en/about-us/careers/,unknown_or_custom,Bengaluru;Gurugram;Chennai;Hyderabad,hybrid,energy;automation;software;sales,Energy management and factory roles
manufacturing_ev_energy,Power utility,manufacturing_energy;operations_sales_hr_finance;data_analytics_ai,Tata Power,1,India,hq_india,https://www.tatapower.com/careers/,https://www.tatapower.com/careers/,unknown_or_custom,Mumbai;India,no,power plant;solar;distribution;maintenance,Energy utility and renewables roles
manufacturing_ev_energy,Infrastructure energy,manufacturing_energy;operations_sales_hr_finance;data_analytics_ai,Adani Group,1,India,hq_india,https://www.adani.com/careers,https://www.adani.com/careers,unknown_or_custom,Ahmedabad;Mundra;Mumbai;India,no,energy;ports;mining;project,Infrastructure and energy group roles
manufacturing_ev_energy,Renewable energy,manufacturing_energy;operations_sales_hr_finance;data_analytics_ai,ReNew,2,India,hq_india,https://www.renew.com/careers,https://www.renew.com/careers,unknown_or_custom,Gurugram;India,no,solar;wind;project;asset management,Renewables project roles
pharma,Pharmaceuticals,healthcare;manufacturing_energy;data_analytics_ai;operations_sales_hr_finance,Sun Pharma,1,India;global,hq_india,https://sunpharma.com/careers/,https://sunpharma.com/careers/,unknown_or_custom,Mumbai;Vadodara;Halol;India,no,QA;QC;R&D;medical affairs,Pharma manufacturing and research roles
pharma,Pharmaceuticals,healthcare;manufacturing_energy;data_analytics_ai;operations_sales_hr_finance,Dr. Reddy's,1,India;global,hq_india,https://www.drreddys.com/careers/,https://www.drreddys.com/careers/,unknown_or_custom,Hyderabad;Bengaluru;India,no,R&D;regulatory;manufacturing;medical affairs,Pharma and biologics roles
pharma,Pharmaceuticals,healthcare;manufacturing_energy;data_analytics_ai;operations_sales_hr_finance,Cipla,1,India;global,hq_india,https://www.cipla.com/careers,https://www.cipla.com/careers,unknown_or_custom,Mumbai;Goa;Sikkim;India,no,QA;production;medical representative;R&D,Pharma manufacturing plus field sales
pharma,Pharmaceuticals,healthcare;manufacturing_energy;data_analytics_ai;operations_sales_hr_finance,Lupin,2,India;global,hq_india,https://www.lupin.com/careers/,https://www.lupin.com/careers/,unknown_or_custom,Mumbai;Pune;Goa;India,no,R&D;QA;production;medical affairs,Pharma plant and research roles
pharma,Pharmaceuticals,healthcare;manufacturing_energy;data_analytics_ai;operations_sales_hr_finance,Zydus Lifesciences,2,India;global,hq_india,https://www.zyduslife.com/careers/,https://www.zyduslife.com/careers/,unknown_or_custom,Ahmedabad;Vadodara;India,no,R&D;QA;production;regulatory,Pharma and biotech roles
pharma,Biopharma,healthcare;manufacturing_energy;data_analytics_ai;operations_sales_hr_finance,Biocon,2,India;global,hq_india,https://www.biocon.com/careers/,https://www.biocon.com/careers/,unknown_or_custom,Bengaluru;Hyderabad,no,biologics;QA;QC;R&D,Biopharma manufacturing and research
pharma,Pharmaceuticals,healthcare;manufacturing_energy;data_analytics_ai;operations_sales_hr_finance,Glenmark,2,India;global,hq_india,https://www.glenmarkpharma.com/careers/,https://www.glenmarkpharma.com/careers/,unknown_or_custom,Mumbai;Goa;India,no,R&D;QA;production;field sales,Pharma plant and sales roles
pharma,Pharmaceuticals,healthcare;manufacturing_energy;operations_sales_hr_finance,Torrent Pharma,2,India;global,hq_india,https://www.torrentpharma.com/index.php/site/info/careers,https://www.torrentpharma.com/index.php/site/info/careers,unknown_or_custom,Ahmedabad;India,no,QA;production;medical representative;R&D,Pharma manufacturing roles
pharma,Pharmaceuticals,healthcare;manufacturing_energy;operations_sales_hr_finance,Alkem,2,India;global,hq_india,https://www.alkemlabs.com/careers,https://www.alkemlabs.com/careers,unknown_or_custom,Mumbai;India,no,QA;production;field sales;R&D,Pharma and sales hiring
pharma,Pharmaceuticals,healthcare;manufacturing_energy;operations_sales_hr_finance,Mankind Pharma,2,India;global,hq_india,https://www.mankindpharma.com/careers,https://www.mankindpharma.com/careers,unknown_or_custom,Delhi NCR;India,no,medical representative;QA;production;sales,Large field force roles
pharma,Pharmaceuticals,healthcare;manufacturing_energy;operations_sales_hr_finance,Pfizer India,2,India;global,india_gcc,https://www.pfizer.co.in/careers,https://www.pfizer.co.in/careers,unknown_or_custom,Mumbai;Chennai;India,hybrid,medical affairs;regulatory;QA;sales,MNC pharma India roles
pharma,Pharmaceuticals,healthcare;manufacturing_energy;data_analytics_ai,Novartis India,2,India;global,india_gcc,https://www.novartis.com/careers/career-search?search_api_fulltext=&country%5B%5D=IN,https://www.novartis.com/careers/career-search?search_api_fulltext=&country%5B%5D=IN,unknown_or_custom,Hyderabad;Mumbai,hybrid,clinical data;medical affairs;regulatory;analytics,Hyderabad capability center roles
media_gaming,Fantasy sports gaming,software_engineering;product_management;design;data_analytics_ai,Dream11,1,India,hq_india,https://www.dreamsports.group/careers/,https://www.dreamsports.group/careers/,unknown_or_custom,Mumbai;Bengaluru,hybrid,backend;mobile;game operations;analytics,Sports tech and gaming roles
media_gaming,Online gaming,software_engineering;product_management;design;data_analytics_ai,Games24x7,2,India,hq_india,https://www.games24x7.com/careers/,https://www.games24x7.com/careers/,unknown_or_custom,Mumbai;Bengaluru,hybrid,game developer;data scientist;PM;design,Rummy and casual gaming roles
media_gaming,Gaming media,software_engineering;product_management;design;operations_sales_hr_finance,Nazara Technologies,2,India,hq_india,https://www.nazara.com/careers,https://www.nazara.com/careers,unknown_or_custom,Mumbai;India,hybrid,gaming;marketing;developer;operations,India gaming and esports roles
media_gaming,Mobile gaming,software_engineering;product_management;design;data_analytics_ai,MPL,2,India,hq_india,https://www.mpl.live/careers,https://www.mpl.live/careers,unknown_or_custom,Bengaluru;Remote,hybrid,game operations;developer;product;analytics,Mobile gaming roles
media_gaming,Mobile gaming,software_engineering;product_management;design;operations_sales_hr_finance,WinZO,2,India,hq_india,https://www.winzogames.com/careers,https://www.winzogames.com/careers,unknown_or_custom,Delhi NCR;Bengaluru,hybrid,gaming;product;developer;growth,Social gaming roles
media_gaming,Game studio,software_engineering;design;product_management;data_analytics_ai,Ubisoft India,2,India;global,india_gcc,https://www.ubisoft.com/en-us/company/careers/search,https://www.ubisoft.com/en-us/company/careers/search,unknown_or_custom,Pune;Mumbai,no,game developer;artist;QA;producer,Search page needs India keyword filtering
media_gaming,Game studio,software_engineering;design;product_management;data_analytics_ai,Electronic Arts India,2,India;global,india_gcc,https://www.ea.com/careers/careers-overview/worldwide-studios/india,https://www.ea.com/careers/careers-overview/worldwide-studios/india,unknown_or_custom,Hyderabad,no,game developer;QA;producer;artist,India studio page
media_gaming,Broadcast media,media_content;operations_sales_hr_finance;software_engineering,Sony Pictures Networks India,2,India;global,hq_india,https://www.sonypicturesnetworks.com/careers,https://www.sonypicturesnetworks.com/careers,unknown_or_custom,Mumbai,role_dependent,content;ad sales;broadcast operations;digital,Media and content roles
media_gaming,Broadcast media,media_content;operations_sales_hr_finance;software_engineering,Zee Entertainment,2,India,hq_india,https://www.zee.com/careers/,https://www.zee.com/careers/,unknown_or_custom,Mumbai;Noida,role_dependent,content;ad sales;broadcast;digital,Media network roles
media_gaming,News digital,media_content;operations_sales_hr_finance;software_engineering,Network18,2,India,hq_india,https://www.nw18.com/careers,https://www.nw18.com/careers,unknown_or_custom,Mumbai;Delhi NCR;Bengaluru,role_dependent,journalist;producer;ad sales;developer,News and digital media roles
media_gaming,Publishing news,media_content;operations_sales_hr_finance,The Hindu,3,India,hq_india,https://www.thehindu.com/careers/,https://www.thehindu.com/careers/,unknown_or_custom,Chennai;Bengaluru;Delhi NCR,role_dependent,journalist;editor;sales;digital,Editorial and media business roles
media_gaming,Adtech,software_engineering;product_management;data_analytics_ai;operations_sales_hr_finance,InMobi,1,India;global,hq_india,https://www.inmobi.com/company/careers,https://www.inmobi.com/company/careers,unknown_or_custom,Bengaluru;Mumbai;Delhi NCR,hybrid,adtech;backend;data;sales,Mobile advertising and data roles
media_gaming,Social media,software_engineering;product_management;design;data_analytics_ai,ShareChat,2,India,hq_india,https://sharechat.com/careers,https://sharechat.com/careers,unknown_or_custom,Bengaluru;Remote,hybrid,backend;ML;content operations;product,Social and content platform roles
media_gaming,Audio entertainment,software_engineering;product_management;media_content;data_analytics_ai,Pocket FM,2,India,hq_india,https://www.pocketfm.com/careers,https://www.pocketfm.com/careers,unknown_or_custom,Bengaluru;Remote,hybrid,content;growth;developer;analytics,Audio series content and product roles
real_estate_infra,Real estate,operations_sales_hr_finance;manufacturing_energy,DLF,2,India,hq_india,https://www.dlf.in/careers,https://www.dlf.in/careers,unknown_or_custom,Delhi NCR;Gurugram;India,no,project management;sales;facility;finance,Real estate and property operations
real_estate_infra,Real estate,operations_sales_hr_finance;manufacturing_energy,Godrej Properties,2,India,hq_india,https://www.godrejproperties.com/careers,https://www.godrejproperties.com/careers,unknown_or_custom,Mumbai;Bengaluru;Pune;Delhi NCR,no,project management;sales;design;finance,Residential real estate roles
real_estate_infra,Real estate,operations_sales_hr_finance;manufacturing_energy,Prestige Group,2,India,hq_india,https://www.prestigeconstructions.com/careers,https://www.prestigeconstructions.com/careers,unknown_or_custom,Bengaluru;Hyderabad;Chennai;Mumbai,no,construction;sales;facility;finance,South India real estate roles
real_estate_infra,Real estate,operations_sales_hr_finance;manufacturing_energy,Brigade Group,2,India,hq_india,https://www.brigadegroup.com/careers,https://www.brigadegroup.com/careers,unknown_or_custom,Bengaluru;Chennai;Hyderabad,no,construction;sales;leasing;facility,Real estate and hospitality-linked roles
real_estate_infra,Real estate,operations_sales_hr_finance;manufacturing_energy,Sobha,2,India,hq_india,https://www.sobha.com/careers/,https://www.sobha.com/careers/,unknown_or_custom,Bengaluru;Gurugram;Pune,no,construction;quality;sales;interiors,Real estate and construction roles
real_estate_infra,Real estate,operations_sales_hr_finance;manufacturing_energy,Lodha,2,India,hq_india,https://www.lodhagroup.in/careers,https://www.lodhagroup.in/careers,unknown_or_custom,Mumbai;Pune;Thane,no,construction;sales;facility;finance,Residential real estate roles
real_estate_infra,EPC infrastructure,operations_sales_hr_finance;manufacturing_energy;software_engineering,Tata Projects,1,India,hq_india,https://www.tataprojects.com/careers/,https://www.tataprojects.com/careers/,unknown_or_custom,Mumbai;Hyderabad;India,no,civil engineer;project manager;safety;planning,EPC and infrastructure project roles
real_estate_infra,Airports infrastructure,operations_sales_hr_finance;manufacturing_energy,GMR Group,2,India,hq_india,https://www.gmrgroup.in/careers/,https://www.gmrgroup.in/careers/,unknown_or_custom,Delhi NCR;Hyderabad;Goa,no,airport operations;project;finance;engineering,Airport and infrastructure roles
real_estate_infra,Ports infrastructure,operations_sales_hr_finance;manufacturing_energy,Adani Ports,2,India,hq_india,https://www.adaniports.com/Careers,https://www.adaniports.com/Careers,unknown_or_custom,Mundra;Ahmedabad;India,no,port operations;marine;logistics;project,Ports and logistics infrastructure
real_estate_infra,EPC infrastructure,operations_sales_hr_finance;manufacturing_energy,Afcons,2,India,hq_india,https://www.afcons.com/careers,https://www.afcons.com/careers,unknown_or_custom,Mumbai;India;Middle East,no,civil engineer;marine;metro;project,Infrastructure project roles
travel_hospitality_aviation,Airline,operations_sales_hr_finance;software_engineering;data_analytics_ai,IndiGo,1,India,hq_india,https://www.goindigo.in/careers.html,https://www.goindigo.in/careers.html,unknown_or_custom,Gurugram;Delhi NCR;India,role_dependent,cabin crew;pilot;airport operations;engineering,Aviation roles and airport operations
travel_hospitality_aviation,Airline,operations_sales_hr_finance;software_engineering;data_analytics_ai,Air India,1,India,hq_india,https://www.airindia.com/in/en/careers.html,https://www.airindia.com/in/en/careers.html,unknown_or_custom,Gurugram;Mumbai;Bengaluru;India,role_dependent,cabin crew;pilot;engineering;digital,Aviation and transformation roles
travel_hospitality_aviation,Airline,operations_sales_hr_finance;data_analytics_ai,Akasa Air,2,India,hq_india,https://www.akasaair.com/careers,https://www.akasaair.com/careers,unknown_or_custom,Mumbai;Bengaluru;India,role_dependent,cabin crew;pilot;airport operations;engineering,Airline startup roles
travel_hospitality_aviation,Airline,operations_sales_hr_finance,SpiceJet,2,India,hq_india,https://www.spicejet.com/careers,https://www.spicejet.com/careers,unknown_or_custom,Gurugram;Delhi NCR;India,role_dependent,cabin crew;pilot;airport operations;engineering,Aviation operations roles
travel_hospitality_aviation,Hotel chain,operations_sales_hr_finance;hospitality,Marriott India,1,India;global,india_wide,https://jobs.marriott.com/marriott/jobs?location=India,https://jobs.marriott.com/marriott/jobs?location=India,unknown_or_custom,India,role_dependent,front office;chef;housekeeping;sales,Hotel operations roles
travel_hospitality_aviation,Hotel chain,operations_sales_hr_finance;hospitality,Hilton India,2,India;global,india_wide,https://jobs.hilton.com/apac/en/search-results?location=India,https://jobs.hilton.com/apac/en/search-results?location=India,unknown_or_custom,India,role_dependent,front office;chef;housekeeping;finance,Hotel operations roles
travel_hospitality_aviation,Hotel chain,operations_sales_hr_finance;hospitality,Hyatt India,2,India;global,india_wide,https://careers.hyatt.com/en-US/careers/search-jobs?location=India,https://careers.hyatt.com/en-US/careers/search-jobs?location=India,unknown_or_custom,India,role_dependent,front office;chef;housekeeping;sales,Hotel operations roles
travel_hospitality_aviation,Hotel chain,operations_sales_hr_finance;hospitality,Indian Hotels Company,1,India,hq_india,https://www.ihcltata.com/careers/,https://www.ihcltata.com/careers/,unknown_or_custom,Mumbai;India,role_dependent,hotel operations;chef;front office;finance,Taj and hospitality roles
travel_hospitality_aviation,Hotel chain,operations_sales_hr_finance;hospitality,Oberoi Hotels,2,India,hq_india,https://www.oberoihotels.com/careers/,https://www.oberoihotels.com/careers/,unknown_or_custom,Delhi NCR;Mumbai;Bengaluru;India,role_dependent,hotel operations;chef;front office;sales,Premium hotel operations roles
travel_hospitality_aviation,Hotel chain,operations_sales_hr_finance;hospitality,Lemon Tree Hotels,2,India,hq_india,https://www.lemontreehotels.com/careers.aspx,https://www.lemontreehotels.com/careers.aspx,unknown_or_custom,India,role_dependent,hotel operations;front office;housekeeping;F&B,Known disability-inclusive hotel hiring
travel_hospitality_aviation,Travel tech hospitality,software_engineering;product_management;operations_sales_hr_finance;data_analytics_ai,OYO,2,India,hq_india,https://www.oyorooms.com/careers/,https://www.oyorooms.com/careers/,unknown_or_custom,Gurugram;Bengaluru;India,role_dependent,developer;hotel operations;sales;analytics,Hospitality marketplace roles
travel_hospitality_aviation,Travel tech,software_engineering;product_management;operations_sales_hr_finance;data_analytics_ai,MakeMyTrip,1,India,hq_india,https://www.makemytrip.com/careers/,https://www.makemytrip.com/careers/,unknown_or_custom,Gurugram;Bengaluru,hybrid,developer;PM;travel operations;analytics,Travel platform roles
ngo_social_impact,Philanthropy,operations_sales_hr_finance;teaching_academic;data_analytics_ai,Tata Trusts,2,India,ngo_programs,https://www.tatatrusts.org/careers,https://www.tatatrusts.org/careers,unknown_or_custom,Mumbai;India,role_dependent,program manager;M&E;grants;operations,Social sector program roles
ngo_social_impact,Education philanthropy,teaching_academic;operations_sales_hr_finance;data_analytics_ai,Azim Premji Foundation,1,India,ngo_programs,https://azimpremjifoundation.org/careers,https://azimpremjifoundation.org/careers,unknown_or_custom,Bengaluru;India,role_dependent,teacher educator;program manager;research;field,Education and public systems roles
ngo_social_impact,Corporate foundation,operations_sales_hr_finance;data_analytics_ai;healthcare,Reliance Foundation,2,India,ngo_programs,https://reliancefoundation.org/careers,https://reliancefoundation.org/careers,unknown_or_custom,Mumbai;India,role_dependent,program manager;health;education;operations,Foundation program roles
ngo_social_impact,Education nonprofit,teaching_academic;operations_sales_hr_finance,Teach For India,1,India,ngo_programs,https://www.teachforindia.org/careers,https://www.teachforindia.org/careers,unknown_or_custom,Mumbai;Delhi NCR;Pune;Bengaluru,role_dependent,fellowship;program manager;teacher coach;fundraising,Fellowship and program roles
ngo_social_impact,Food security,operations_sales_hr_finance;data_analytics_ai,Akshaya Patra,2,India,ngo_programs,https://www.akshayapatra.org/careers,https://www.akshayapatra.org/careers,unknown_or_custom,Bengaluru;India,role_dependent,operations;kitchen;fundraising;program,Kitchen and field operations
ngo_social_impact,Education nonprofit,teaching_academic;operations_sales_hr_finance;data_analytics_ai,Pratham,1,India,ngo_programs,https://www.pratham.org/careers/,https://www.pratham.org/careers/,unknown_or_custom,Delhi NCR;Mumbai;India,role_dependent,program associate;research;field coordinator;education,Field education roles
ngo_social_impact,Youth livelihoods,operations_sales_hr_finance;teaching_academic;data_analytics_ai,Magic Bus India,2,India,ngo_programs,https://www.magicbus.org/careers,https://www.magicbus.org/careers,unknown_or_custom,Mumbai;Delhi NCR;India,role_dependent,trainer;program manager;field coordinator;fundraising,Field trainer and livelihoods roles
ngo_social_impact,Development nonprofit,operations_sales_hr_finance;healthcare;teaching_academic,Smile Foundation,2,India,ngo_programs,https://www.smilefoundationindia.org/career.html,https://www.smilefoundationindia.org/career.html,unknown_or_custom,Delhi NCR;India,role_dependent,program manager;health;education;fundraising,Program and fundraising roles
ngo_social_impact,Community development,operations_sales_hr_finance;data_analytics_ai,Goonj,2,India,ngo_programs,https://goonj.org/careers/,https://goonj.org/careers/,unknown_or_custom,Delhi NCR;India,role_dependent,field operations;program;communications;logistics,Community and disaster response roles
ngo_social_impact,Child rights,operations_sales_hr_finance;teaching_academic,CRY,2,India,ngo_programs,https://www.cry.org/careers/,https://www.cry.org/careers/,unknown_or_custom,Mumbai;Delhi NCR;Kolkata;Bengaluru,role_dependent,program;fundraising;communications;child rights,Nonprofit roles
ngo_social_impact,Women livelihoods,operations_sales_hr_finance;data_analytics_ai,SEWA Bharat,2,India,ngo_programs,https://www.sewabharat.org/careers,https://www.sewabharat.org/careers,unknown_or_custom,Delhi NCR;Ahmedabad;India,role_dependent,field coordinator;livelihoods;research;program,Women livelihoods program roles
ngo_social_impact,Development nonprofit,operations_sales_hr_finance;data_analytics_ai,American India Foundation,2,India;US,ngo_programs,https://aif.org/careers/,https://aif.org/careers/,unknown_or_custom,Delhi NCR;India,role_dependent,program manager;M&E;fundraising;education,Development program roles
government_psu_public,Central recruitment,public_sector;operations_sales_hr_finance,UPSC,1,India,public_institution,https://upsc.gov.in/recruitment,https://upsc.gov.in/recruitment,unknown_or_custom,India,no,civil services;engineering services;recruitment;government,Official central recruitment notices
government_psu_public,Central recruitment,public_sector;operations_sales_hr_finance,SSC,1,India,public_institution,https://ssc.nic.in/,https://ssc.nic.in/,unknown_or_custom,India,no,CGL;CHSL;MTS;government,Official staff selection notices
government_psu_public,Central bank,public_sector;operations_sales_hr_finance;data_analytics_ai,RBI,1,India,public_institution,https://opportunities.rbi.org.in/Scripts/Vacancies.aspx,https://opportunities.rbi.org.in/Scripts/Vacancies.aspx,unknown_or_custom,Mumbai;India,no,grade B;assistant;research;technology,Official RBI vacancies
government_psu_public,Regulator,public_sector;operations_sales_hr_finance;data_analytics_ai,SEBI,2,India,public_institution,https://www.sebi.gov.in/sebiweb/about/careers.jsp,https://www.sebi.gov.in/sebiweb/about/careers.jsp,unknown_or_custom,Mumbai;India,no,officer grade A;legal;IT;research,Market regulator recruitment
government_psu_public,Space research,public_sector;software_engineering;manufacturing_energy;data_analytics_ai,ISRO,1,India,public_institution,https://www.isro.gov.in/Careers.html,https://www.isro.gov.in/Careers.html,unknown_or_custom,Bengaluru;Ahmedabad;Thiruvananthapuram;Sriharikota,no,scientist engineer;technician;research;administration,Official ISRO careers notices
government_psu_public,Defence research,public_sector;software_engineering;manufacturing_energy;data_analytics_ai,DRDO,1,India,public_institution,https://www.drdo.gov.in/drdo/careers,https://www.drdo.gov.in/drdo/careers,unknown_or_custom,Delhi NCR;Bengaluru;Hyderabad;India,no,scientist;engineer;technician;admin,Defence research recruitment
government_psu_public,Atomic research,public_sector;manufacturing_energy;data_analytics_ai,BARC,1,India,public_institution,https://recruit.barc.gov.in/,https://recruit.barc.gov.in/,unknown_or_custom,Mumbai;India,no,scientific officer;technician;research;admin,Official BARC recruitment portal
government_psu_public,Digital government,public_sector;software_engineering;data_analytics_ai;operations_sales_hr_finance,C-DAC,1,India,public_institution,https://www.cdac.in/index.aspx?id=ca_jobs,https://www.cdac.in/index.aspx?id=ca_jobs,unknown_or_custom,Pune;Noida;Bengaluru;Hyderabad,no,project engineer;software;cybersecurity;research,Government tech roles
government_psu_public,Digital government,public_sector;software_engineering;data_analytics_ai;operations_sales_hr_finance,NIC,2,India,public_institution,https://www.nic.in/recruitments/,https://www.nic.in/recruitments/,unknown_or_custom,Delhi NCR;India,no,scientist;software;network;data,Government technology recruitment
government_psu_public,Policy institution,public_sector;operations_sales_hr_finance;data_analytics_ai,NITI Aayog,2,India,public_institution,https://www.niti.gov.in/career,https://www.niti.gov.in/career,unknown_or_custom,Delhi NCR,no,policy;consultant;data;research,Policy and consultant roles
government_psu_public,Digital government,public_sector;software_engineering;product_management;data_analytics_ai,Digital India Corporation,2,India,public_institution,https://dic.gov.in/careers/,https://dic.gov.in/careers/,unknown_or_custom,Delhi NCR;India,role_dependent,product;program manager;developer;data,Digital public infrastructure roles
government_psu_public,Postal service,public_sector;operations_sales_hr_finance,India Post,1,India,public_institution,https://www.indiapost.gov.in/VAS/Pages/Recruitment/IP_Recruitment.aspx,https://www.indiapost.gov.in/VAS/Pages/Recruitment/IP_Recruitment.aspx,unknown_or_custom,India,no,postal assistant;GDS;sorting;operations,Official postal recruitment notices
government_psu_public,Digital identity,public_sector;software_engineering;data_analytics_ai;operations_sales_hr_finance,UIDAI,2,India,public_institution,https://uidai.gov.in/en/about-uidai/work-with-uidai.html,https://uidai.gov.in/en/about-uidai/work-with-uidai.html,unknown_or_custom,Delhi NCR;Bengaluru;India,role_dependent,technology;program manager;security;data,Aadhaar ecosystem roles
government_psu_public,Power PSU,public_sector;manufacturing_energy;operations_sales_hr_finance,NTPC,1,India,psu_public,https://careers.ntpc.co.in/,https://careers.ntpc.co.in/,unknown_or_custom,Delhi NCR;India,no,engineer trainee;power plant;finance;HR,PSU recruitment portal
government_psu_public,Oil gas PSU,public_sector;manufacturing_energy;operations_sales_hr_finance,ONGC,1,India,psu_public,https://ongcindia.com/web/eng/career/recruitment-notice,https://ongcindia.com/web/eng/career/recruitment-notice,unknown_or_custom,Delhi NCR;Mumbai;Dehradun;India,no,geologist;engineer;technician;finance,Oil and gas recruitment notices
government_psu_public,Oil gas PSU,public_sector;manufacturing_energy;operations_sales_hr_finance,Indian Oil,1,India,psu_public,https://iocl.com/latest-job-opening,https://iocl.com/latest-job-opening,unknown_or_custom,India,no,engineer;apprentice;refinery;marketing,PSU jobs and apprentice notices
government_psu_public,Oil gas PSU,public_sector;manufacturing_energy;operations_sales_hr_finance,BPCL,2,India,psu_public,https://www.bharatpetroleum.in/careers/careers.aspx,https://www.bharatpetroleum.in/careers/careers.aspx,unknown_or_custom,Mumbai;Kochi;India,no,engineer;refinery;marketing;finance,PSU careers page
government_psu_public,Oil gas PSU,public_sector;manufacturing_energy;operations_sales_hr_finance,HPCL,2,India,psu_public,https://www.hindustanpetroleum.com/careers,https://www.hindustanpetroleum.com/careers,unknown_or_custom,Mumbai;Visakhapatnam;India,no,engineer;refinery;marketing;finance,PSU careers page
government_psu_public,Gas PSU,public_sector;manufacturing_energy;operations_sales_hr_finance,GAIL,2,India,psu_public,https://gailonline.com/CRApplyingGail.html,https://gailonline.com/CRApplyingGail.html,unknown_or_custom,Delhi NCR;India,no,engineer;pipeline;operations;finance,Gas pipeline PSU hiring
government_psu_public,Power transmission PSU,public_sector;manufacturing_energy;operations_sales_hr_finance,Power Grid,2,India,psu_public,https://www.powergrid.in/job-opportunities,https://www.powergrid.in/job-opportunities,unknown_or_custom,Gurugram;India,no,engineer;transmission;telecom;finance,Power transmission recruitment
government_psu_public,Heavy engineering PSU,public_sector;manufacturing_energy;operations_sales_hr_finance,BHEL,2,India,psu_public,https://www.bhel.com/careers,https://www.bhel.com/careers,unknown_or_custom,Delhi NCR;Bhopal;Haridwar;Hyderabad,no,engineer;manufacturing;apprentice;finance,Heavy engineering recruitment
government_psu_public,Aerospace defence PSU,public_sector;manufacturing_energy;software_engineering,HAL,2,India,psu_public,https://hal-india.co.in/careers,https://hal-india.co.in/careers,unknown_or_custom,Bengaluru;Nasik;Koraput,no,aerospace;engineer;technician;apprentice,Defence aerospace hiring
government_psu_public,Defence electronics PSU,public_sector;manufacturing_energy;software_engineering,Bharat Electronics,2,India,psu_public,https://bel-india.in/careers/,https://bel-india.in/careers/,unknown_or_custom,Bengaluru;Ghaziabad;Pune;India,no,electronics engineer;software;technician;project,Defence electronics recruitment
government_psu_public,Steel PSU,public_sector;manufacturing_energy;operations_sales_hr_finance,SAIL,2,India,psu_public,https://sailcareers.com/,https://sailcareers.com/,unknown_or_custom,Bhilai;Rourkela;Bokaro;India,no,management trainee;steel plant;mining;medical,Steel authority recruitment portal
government_psu_public,Airports authority,public_sector;operations_sales_hr_finance;manufacturing_energy,AAI,2,India,psu_public,https://www.aai.aero/en/careers/recruitment,https://www.aai.aero/en/careers/recruitment,unknown_or_custom,Delhi NCR;India,no,ATC;junior executive;airport operations;engineering,Airport authority recruitment
government_psu_public,Medical institute,public_sector;healthcare;teaching_academic,AIIMS Delhi,1,India,public_institution,https://www.aiims.edu/en/notices/recruitment.html,https://www.aiims.edu/en/notices/recruitment.html,unknown_or_custom,Delhi NCR,no,doctor;resident;nurse;faculty,Public hospital and faculty roles
government_psu_public,Technical institute,public_sector;teaching_academic;software_engineering;data_analytics_ai,IIT Bombay,2,India,public_institution,https://www.iitb.ac.in/en/careers,https://www.iitb.ac.in/en/careers,unknown_or_custom,Mumbai,no,faculty;research staff;project engineer;admin,Faculty and project roles
government_psu_public,Research institute,public_sector;teaching_academic;software_engineering;data_analytics_ai,IISc,2,India,public_institution,https://iisc.ac.in/about/positions-open/,https://iisc.ac.in/about/positions-open/,unknown_or_custom,Bengaluru,no,faculty;research;project staff;admin,Research and faculty openings
global_tech_gcc,Semiconductor,software_engineering;data_analytics_ai;manufacturing_energy,AMD India,1,India;global,india_gcc,https://careers.amd.com/careers-home/jobs?location=India,https://careers.amd.com/careers-home/jobs?location=India,unknown_or_custom,Bengaluru;Hyderabad,hybrid,CPU;GPU;firmware;verification,Semiconductor and AI accelerator engineering
product_saas_fintech,HR SaaS,software_engineering;product_management;operations_sales_hr_finance,iCIMS India,2,India;global,india_gcc,https://careers.icims.com/careers-home/jobs/locations,https://careers.icims.com/careers-home/jobs/locations,icims,Hyderabad;Remote,hybrid,developer;implementation;customer success;SaaS,Official iCIMS careers location surface
bfsi,Quant finance technology,software_engineering;data_analytics_ai;operations_sales_hr_finance,D. E. Shaw India,1,India;global,india_gcc,https://careers-deshaw.icims.com/jobs/search?ss=1&searchLocation=12955-12962-Hyderabad,https://careers-deshaw.icims.com/jobs/search?ss=1&searchLocation=12955-12962-Hyderabad,icims,Hyderabad;Gurugram;Bengaluru,hybrid,software developer;quant research;operations;finance,Official iCIMS board for India offices
manufacturing_ev_energy,Chemicals,manufacturing_energy;healthcare;operations_sales_hr_finance,BASF India,2,India;global,india_wide,https://www.basf.com/in/en/careers/jobs.html,https://www.basf.com/in/en/careers/jobs.html,successfactors,Mumbai;Navi Mumbai;Mangaluru;Dahej,role_dependent,chemical engineer;production;R&D;sales,Chemicals manufacturing and commercial roles
manufacturing_ev_energy,Security technology,software_engineering;manufacturing_energy;operations_sales_hr_finance,Giesecke+Devrient India,2,India;global,india_gcc,https://careers.gi-de.com/GieseckeDevrientCT/search/?createNewAlert=false&q=&locationsearch=India,https://careers.gi-de.com/GieseckeDevrientCT/search/?createNewAlert=false&q=&locationsearch=India,successfactors,Gurugram;Noida;Pune,hybrid,payments;security tech;manufacturing;software,Official SuccessFactors search
manufacturing_ev_energy,Automotive technology,software_engineering;manufacturing_energy;data_analytics_ai,Bosch India,1,India;global,india_gcc,https://www.bosch.in/careers/,https://www.bosch.in/careers/,unknown_or_custom,Bengaluru;Coimbatore;Pune;Jaipur,hybrid,embedded;mobility;manufacturing;AI,Automotive tech and manufacturing roles
manufacturing_ev_energy,FMCG manufacturing,manufacturing_energy;operations_sales_hr_finance;design,Asian Paints,2,India,hq_india,https://www.asianpaints.com/careers.html,https://www.asianpaints.com/careers.html,unknown_or_custom,Mumbai;India,role_dependent,production;R&D;sales;design,Manufacturing plus retail sales network
manufacturing_ev_energy,Chemicals FMCG,manufacturing_energy;operations_sales_hr_finance,Pidilite,2,India,hq_india,https://www.pidilite.com/careers/,https://www.pidilite.com/careers/,unknown_or_custom,Mumbai;India,role_dependent,production;R&D;field sales;marketing,Chemicals and adhesives field sales
manufacturing_ev_energy,Consumer durables,manufacturing_energy;operations_sales_hr_finance,Havells,2,India,hq_india,https://www.havells.com/en/corporate/careers.html,https://www.havells.com/en/corporate/careers.html,unknown_or_custom,Noida;India,role_dependent,production;quality;sales;service,Manufacturing and dealer sales roles
manufacturing_ev_energy,Conglomerate,manufacturing_energy;operations_sales_hr_finance;real_estate_infra,Godrej Industries Group,2,India,hq_india,https://www.godrej.com/careers,https://www.godrej.com/careers,unknown_or_custom,Mumbai;India,role_dependent,FMCG;chemicals;real estate;sales,Conglomerate hiring across group companies
pharma,Vaccines biotech,healthcare;manufacturing_energy;data_analytics_ai,Serum Institute of India,2,India;global,hq_india,https://www.seruminstitute.com/careers.php,https://www.seruminstitute.com/careers.php,unknown_or_custom,Pune,no,vaccine;QA;QC;production;R&D,Vaccine manufacturing and research roles
manufacturing_ev_energy,FMCG,manufacturing_energy;operations_sales_hr_finance;data_analytics_ai,Hindustan Unilever,1,India;global,hq_india,https://www.hul.co.in/careers/,https://www.hul.co.in/careers/,unknown_or_custom,Mumbai;Bengaluru;India,role_dependent,management trainee;supply chain;sales;analytics,FMCG supply chain and commercial roles
manufacturing_ev_energy,FMCG hospitality,manufacturing_energy;operations_sales_hr_finance;hospitality,ITC,1,India,hq_india,https://www.itcportal.com/careers/,https://www.itcportal.com/careers/,unknown_or_custom,Kolkata;Bengaluru;Gurugram;India,role_dependent,FMCG;hotels;agri;sales,Diversified FMCG and hotels roles
manufacturing_ev_energy,FMCG food,manufacturing_energy;operations_sales_hr_finance,Nestle India,2,India;global,hq_india,https://www.nestle.in/jobs,https://www.nestle.in/jobs,unknown_or_custom,Gurugram;Moga;India,role_dependent,production;quality;sales;supply chain,Food manufacturing and sales roles
manufacturing_ev_energy,FMCG consumer,manufacturing_energy;operations_sales_hr_finance,Marico,2,India;global,hq_india,https://marico.com/india/careers,https://marico.com/india/careers,unknown_or_custom,Mumbai;India,role_dependent,sales;marketing;supply chain;production,Consumer goods roles
manufacturing_ev_energy,FMCG food,manufacturing_energy;operations_sales_hr_finance,Britannia,2,India,hq_india,https://britannia.co.in/careers/,https://britannia.co.in/careers/,unknown_or_custom,Bengaluru;India,role_dependent,production;quality;sales;supply chain,Food manufacturing and sales roles
ecommerce_logistics_retail,Fashion retail,operations_sales_hr_finance;design;data_analytics_ai,Trent,2,India,hq_india,https://www.trentlimited.com/pages/careers,https://www.trentlimited.com/pages/careers,unknown_or_custom,Mumbai;Bengaluru;India,role_dependent,store;category;fashion;supply chain,Retail store and category roles
ecommerce_logistics_retail,Logistics,software_engineering;operations_sales_hr_finance;data_analytics_ai,Shadowfax,2,India,hq_india,https://www.shadowfax.in/careers/,https://www.shadowfax.in/careers/,unknown_or_custom,Bengaluru;India,role_dependent,last mile;delivery;developer;operations,Delivery network and field operations
media_gaming,Publishing media,media_content;operations_sales_hr_finance;software_engineering,The Times Group,2,India,hq_india,https://timesgroup.com/careers/,https://timesgroup.com/careers/,unknown_or_custom,Mumbai;Delhi NCR;Bengaluru,role_dependent,journalist;editor;ad sales;digital,Media and publishing roles
bfsi,Legal services,legal_policy;operations_sales_hr_finance,Khaitan & Co,2,India,hq_india,https://www.khaitanco.com/careers,https://www.khaitanco.com/careers,unknown_or_custom,Mumbai;Delhi NCR;Bengaluru;Kolkata,hybrid,lawyer;associate;paralegal;corporate law,Professional services and legal hiring
manufacturing_ev_energy,Conglomerate,manufacturing_energy;operations_sales_hr_finance;bfsi,Aditya Birla Group,1,India;global,hq_india,https://careers.adityabirla.com/,https://careers.adityabirla.com/,unknown_or_custom,Mumbai;India,role_dependent,manufacturing;retail;finance;sales,Diversified group roles across sectors
